area,listings,median_asking_price,p25,p75
Jersey,227,1850000,762500,3822500
Westminster,3060,1250000,725000,2650000
Kensington and Chelsea,3831,1150000,675000,2350000
Camden,3199,920000,599950,1695000
City of London,246,800000,550000,1250000
Windsor and Maidenhead,501,799995,475000,1500000
Hammersmith and Fulham,1081,785000,500000,1200000
Richmond upon Thames,1912,715000,475000,1250000
Chiltern,776,695000,400000,1280000
Rutland,141,685000,575000,900000
Elmbridge,2002,650000,395000,1195000
Guernsey,161,650000,390000,1800000
Mole Valley,1123,645000,350000,995000
Islington,1057,625000,450000,910000
Hertsmere,899,620000,375000,935000
Hackney,1920,600000,450000,900000
Sevenoaks,1385,600000,399995,925000
Tandridge,337,600000,450000,950000
Three Rivers,546,600000,375000,948750
Waverley,1746,600000,381250,950000
West Berkshire,287,600000,368750,895000
Guildford,1102,596250,396238,1050000
Wandsworth,2638,580000,435000,840000
Epping Forest,1478,575000,375000,850000
St Albans,1486,575000,350000,825000
Kingston upon Thames,1607,560000,385000,840000
Uttlesford,1042,559995,400000,775000
Barnet,4112,550000,390000,900000
Brent,1881,550000,385000,790000
Winchester,572,550000,375000,825000
Lambeth,3930,530000,400000,775000
Broxbourne,710,525000,375000,750000
East Hertfordshire,1902,525000,325000,750000
Epsom and Ewell,662,525000,325000,793750
Haringey,1839,525000,400000,750000
Horsham,1435,525000,337000,800000
Merton,1927,525000,375000,825000
South Buckinghamshire,2281,525000,320000,950000
South Oxfordshire,2122,514475,339088,800000
Chichester,509,510000,365000,850000
Brentwood,1207,500000,315000,800000
Bromley,3376,500000,350000,750000
Ealing,3157,500000,360000,715000
Harrow,2958,500000,329962,700000
Melton,277,500000,300000,650000
Redbridge,1262,500000,300000,699999
Reigate and Banstead,1368,500000,300000,799950
Runnymede,1004,500000,295000,750000
Southwark,1131,500000,395000,700000
Tower Hamlets,2275,500000,375000,700000
Woking,711,500000,272500,777500
Wokingham,1015,500000,306500,742500
Wycombe,1651,500000,299950,700000
Waltham Forest,930,499998,350000,750000
Enfield,2486,490000,318874,750000
Slough,454,485000,270000,675000
Isle of Man,435,479999,329950,796975
East Hampshire,1217,475000,280000,750000
Hounslow,2461,475000,320000,675000
Lewes,1087,475000,335000,725000
Oxford,1160,475000,350000,700000
Spelthorne,1100,475000,310000,676250
Surrey Heath,787,475000,290000,725000
Hillingdon,2162,470000,300000,625000
Dacorum,1718,465000,295000,695000
East Dorset,1268,465000,335000,625000
Hart,585,465000,250000,650000
Mid Sussex,1348,465000,290000,687500
Ashford,1686,450000,300000,700000
Bath and North East Somerset,1787,450000,325000,700000
Bracknell Forest,1419,450000,280000,675000
Cotswold,666,450000,300000,700000
Eastleigh,826,450000,300000,583750
Greenwich,2936,450000,349995,600000
Havering,1905,450000,300000,600000
Hertfordshire,219,450000,297498,690000
Newham,1262,450000,315000,550000
South Hams,1510,450000,295000,675000
Kennet,729,440000,295000,650000
Cambridge,2753,439950,315000,619950
Hinckley and Bosworth,155,435000,272500,695000
North Hertfordshire,1456,435000,275000,650000
South Northamptonshire,493,434950,315000,600000
Brighton and Hove,1314,425000,290000,650000
Broadstairs,424,425000,300000,650000
Christchurch,914,425000,251250,600000
Croydon,2588,425000,280000,625000
Lewisham,2482,425000,325000,600000
New Forest,1997,425000,255000,650000
Rochford,858,425000,300000,575000
Tonbridge and Malling,1008,425000,280000,573995
Tunbridge Wells,1054,425000,275000,650000
Watford,1477,425000,300000,625000
Wealden,2073,425000,300000,650000
West Oxfordshire,985,425000,300000,675000
Aylesbury Vale,2111,420000,271000,600000
Welwyn Hatfield,952,419975,249375,679996
Stroud,1004,415000,299950,650000
Test Valley,1039,415000,295000,635000
Vale of White Horse,693,415000,285000,635000
Bexley,1293,400000,270000,550000
Central Bedfordshire,1780,400000,285000,575000
Chelmsford,1708,400000,249988,600000
Harlow,400,400000,275000,575000
Rother,2144,400000,240000,589996
Stratford-on-Avon,1393,400000,252000,650000
Maidstone,2053,399995,260000,575000
Arun,1127,395000,275000,555000
Bedford,1905,395000,280000,550000
Cherwell,1798,395000,275000,565000
Maldon,681,395000,290000,550000
Purbeck,623,395000,250000,625000
Sussex,2412,395000,266875,595000
Sutton,1514,390000,285000,600000
Tewkesbury,2627,390000,260000,625000
Harrogate,1298,389950,260000,650000
Babergh,756,375000,270000,550000
Basildon,1488,375000,275000,550000
Braintree,1358,375000,260000,550000
Bromsgrove,431,375000,260000,537500
Castle Point,829,375000,280000,475000
Crawley,1211,375000,240750,550000
Daventry,1250,375000,264238,550000
North Dorset,1084,375000,265000,535000
Poole,2173,375000,250000,625000
Rushcliffe,845,375000,265000,525000
Stockport,1486,375000,250000,525000
Trafford,1725,375000,230000,600000
West Dorset,1750,375000,250000,575000
East Devon,358,372500,250000,575000
Newmarket,409,370000,265000,550000
Harborough,474,369972,250000,525000
Solihull,1682,369500,229996,575000
North Warwickshire,285,365000,225000,585000
South Norfolk,359,365000,250000,525000
Warwick,1467,365000,235000,550000
Wiltshire,3967,365000,250000,550000
Rushmoor,815,360000,210000,500000
Suffolk Coastal,1673,360000,250000,500000
Worthing,1790,360000,221250,510000
Midlothian,382,354998,230000,445000
Barking and Dagenham,905,350000,250000,450000
Berkshire,2552,350000,225000,550000
Cheshire East,3815,350000,225000,585000
Colchester,2703,350000,225000,525000
Dartford,1192,350000,240000,475000
Derbyshire Dales,1325,350000,240000,550000
Ely,735,350000,252400,465000
Hereford,2387,350000,240000,540000
Huntingdonshire,1553,350000,230000,479995
Milton Keynes,2602,350000,235000,500000
Monmouthshire,1302,350000,250000,549988
Selby,127,350000,250000,550000
Shepway,381,350000,275000,480000
Somerset,4112,350000,245000,525000
South Gloucestershire,1148,350000,260000,485000
South Somerset,1047,350000,220000,525000
South Staffordshire,294,350000,269962,535000
Thurrock,971,350000,220000,450000
West Devon,441,350000,250000,550000
Worcester,1394,350000,240000,550000
Wychavon,1121,350000,240000,547500
Teignbridge,1626,349950,250000,525000
Ripon,339,347500,225000,500000
Bristol,3876,345000,260000,450000
Lichfield,656,345000,250000,525000
Mendip,1263,345000,250000,519975
Shropshire,3895,345000,239950,500000
East Lothian,564,340000,240000,449996
Malvern Hills,437,340000,234950,575000
South Kesteven,1454,340000,239961,485000
Vale of Glamorgan,811,340000,230000,475000
York,3751,339950,230000,499950
North West Leicestershire,124,337500,260000,456250
Canterbury,324,335000,250000,550000
Cornwall,9637,335000,225000,525000
Mid Devon,770,335000,245000,524988
Mid Suffolk,1139,335000,232500,500000
Swale,1474,335000,240000,450000
Gravesham,551,330000,225000,450000
Kent,5189,330000,230000,485000
South Lakeland,1644,330000,220000,529250
Southend-on-Sea,1864,330000,210000,486249
St Edmundsbury,1210,330000,250000,475000
Ceredigion,1167,325000,234475,458250
Craven,394,325000,225000,535000
Edinburgh,1949,325000,225000,485000
Exeter,6785,325000,230000,495000
Hampshire,6775,325000,220000,489725
High Peak,674,325000,235000,482500
North East Derbyshire,437,325000,210000,490000
North Somerset,2072,325000,220000,470000
Stevenage,714,325000,215000,465000
Waveney,399,325000,240000,485000
West Lothian,661,325000,240000,410000
Eden,646,322500,191802,463750
Gloucester,2683,320000,220000,460000
Torridge,857,315000,215000,475000
Cheshire West and Chester,2851,310000,210000,500000
Pembrokeshire,1702,310000,210000,450000
Bournemouth,2820,300000,195000,450000
Charnwood,1199,300000,227250,425000
East Northamptonshire,1153,300000,220000,430000
Folkestone,747,300000,220000,475000
Fylde,1961,300000,200000,465000
Hastings,1407,300000,200000,450000
Luton,1510,300000,200000,403750
Medway,2149,300000,220000,425000
Redditch,487,300000,200000,432500
Rugby,775,300000,202500,450000
Southampton,3932,300000,190000,525000
Tamworth,676,300000,219500,415000
West Lancashire,622,300000,195000,483750
Anglesey,1025,299950,205000,450000
Chorley,525,299950,200000,474995
Eastbourne,1605,299950,215000,425000
Powys,752,299250,199950,475000
Wyre Forest,1100,299000,219999,425000
Carmarthenshire,1683,295950,190000,435000
Cardiff,3754,295000,199950,450000
Falkirk,610,295000,190000,389000
Hambleton,125,295000,210000,475000
Highland,1181,295000,195000,410000
Isle of Wight,2674,295000,195000,450000
Llandrindod Wells,669,295000,210000,440000
Norfolk,7782,295000,210000,425000
Northumberland,2108,295000,174250,475000
Warrington,1254,294500,195000,440000
East Dunbartonshire,188,290000,198000,435000
Leicester,6549,290000,220000,414995
West Norfolk,2304,290000,200000,425000
Newark and Sherwood,1014,289972,200000,429999
Ribble Valley,261,289950,170000,490000
Bury,1156,285000,203750,399950
Denbighshire,524,285000,205000,450000
Scottish Borders,583,285000,150000,450000
Weymouth and Portland,837,285000,185500,400000
East Renfrewshire,109,280000,190000,475000
Forest Heath,413,280000,210000,380000
Ramsgate,251,280000,209998,424998
South Derbyshire,876,280000,200000,400000
Tendring,2230,276250,199995,390000
East Staffordshire,979,275500,180000,399998
Bridgend,839,275000,190000,404000
Gedling,1068,275000,200000,395000
Rochdale,1149,275000,190000,395000
Telford and Wrekin,1726,275000,200000,385000
Torbay,2679,275000,190000,399950
Flintshire,1034,270000,190000,399950
Kirklees,2826,270000,175000,415000
Nuneaton & Bedworth,1171,270000,190700,365000
Swindon,1757,270000,180000,385000
Walsall,1006,270000,190625,389988
Wirral,2185,270000,175000,425000
Wrexham,846,270000,180000,395000
Dudley,2351,269950,210000,350000
Gwynedd,1554,265000,160000,399000
Lincoln,2820,265000,185000,390000
Sefton,1643,265000,175000,425000
South Lanarkshire,635,265000,145000,395000
Wellingborough,734,265000,200000,375000
Corby,662,264995,195625,350000
Breckland,565,260000,200000,375000
Broxtowe,1241,260000,200000,365000
Cannock Chase,777,260000,200000,375000
Conwy,1819,260000,180000,395000
Fife,1089,260000,150000,390000
Leeds,5147,260000,180000,395000
Oldham,1107,260000,199995,370000
Wolverhampton,1794,260000,187738,350000
Carlisle,684,259998,165000,401250
Swansea,1143,259995,160000,400000
South Holland,1279,259500,189998,350000
Newport,1082,258950,180000,360000
Halton,598,257498,160000,389999
South Ribble,602,252500,185000,358750
Perth and Kinross,692,252498,169999,359995
Allerdale,736,250000,140000,390000
Amber Valley,1296,250000,180000,350000
Argyllshire,445,250000,135000,375000
Bassetlaw,909,250000,165000,400000
Bolton,1625,250000,170000,375000
Coventry,2524,250000,180000,365000
Derby,1783,250000,175000,350000
Fenland,1853,250000,182500,350000
Manchester,3784,250000,180000,340000
North Kesteven,1099,250000,180000,375000
North Yorkshire,3765,250000,170000,385000
Orkney Islands,104,250000,160000,363750
Rossendale,445,250000,169999,425000
Sedgemoor,439,250000,192000,325000
Staffordshire,4218,250000,170000,390000
Suffolk,1275,250000,180000,375000
Tameside,1057,250000,195000,350000
Wakefield,2445,250000,180000,350000
Calderdale,1371,249995,155000,395000
East Riding of Yorkshire,3188,249995,175000,363124
Bradford,2598,249950,160000,380000
North Tyneside,1012,249475,150000,350000
Birmingham,6753,245000,175000,350000
Blackburn with Darwen,803,245000,140000,360000
Northampton,1380,245000,175000,350000
Sandwell,1177,245000,195000,310000
Chesterfield,1052,244000,170000,350000
Kettering,582,242500,180000,325000
Plymouth,1664,242500,170000,350000
Aberdeenshire,371,240000,120000,432500
Erewash,1111,240000,189950,350000
Ipswich,1563,240000,160000,350000
Salford,1993,240000,180000,325000
Stockton-on-Tees,1510,240000,150000,364984
Kirkcudbrightshire,132,237500,120000,475000
Wigan,1870,235000,170000,345000
Ashfield,1003,230000,170000,315000
Doncaster,2847,230000,165000,349950
Lancaster,2168,230000,150000,360000
Mansfield,922,230000,170000,325000
Moray,423,230000,135000,332998
Peterborough,2367,230000,170000,315000
Rotherham,1193,230000,160000,330000
West Lindsey,1432,230000,165000,365000
St. Helens,772,229975,145000,334950
Boston,900,229950,154950,310000
Bingley,249,225000,150000,348500
East Lindsey,990,225000,164962,299950
Torfaen,198,222500,180000,325000
Barnsley,1422,220000,150000,325000
Darlington,842,220000,129962,350000
Knowsley,475,220000,145000,319998
North Lanarkshire,357,220000,124995,330995
Nottingham,2627,220000,154500,325000
Bolsover,439,219950,159972,312500
Wyre,1294,216875,155000,319371
Caerphilly,562,210000,165000,299984
Barrow-in-Furness,426,207500,120000,299950
Neath Port Talbot,743,200000,140000,299950
Newcastle,1421,200000,135000,325000
North Ayrshire,451,200000,110000,299997
North Lincolnshire,1120,200000,150000,299996
Sheffield,2368,200000,140000,305000
East Ayrshire,342,199998,80000,290000
Merthyr Tydfil,400,199998,139999,310000
Pendle,530,199950,130000,349988
Dundee,361,199000,115000,325000
Dumfriesshire,317,190000,108000,335000
Redcar & Cleveland,1035,190000,120000,279972
South Ayrshire,172,190000,106500,275000
Glasgow,1319,189000,135000,276500
North East Lincolnshire,2081,185000,110000,270000
South Tyneside,802,184975,119996,275000
Copeland,493,180000,115000,315000
Liverpool,3928,180000,125000,270000
Preston,775,180000,115000,287498
Sunderland,1502,180000,99950,295000
Burnley,510,179972,97500,275000
Wigtownshire,181,175000,99000,275000
County Durham,3928,174995,99712,279995
Gateshead,960,170000,110000,280000
Renfrewshire,508,170000,90000,299996
Rhondda Cynon Taf,993,165000,125000,240000
West Dunbartonshire,152,164998,117250,281000
Blaenau Gwent,485,155000,120000,250000
Hyndburn,382,150000,105000,248700
Middlesbrough,683,150000,90000,255000
Angus,367,149995,90000,300000
Blackpool,1156,149950,105000,210000
Kingston upon Hull,1229,140000,110000,190000
Aberdeen,633,139000,80000,290000
Hartlepool,589,129000,76000,230000
