website_name;competence_date;country_code;currency_code;brand;product_title;product_code;sku;category1;category2;category3;gender;color;size;full_price;price;currency;discount_pct;in_stock;composition;made_in;season;care_instructions;description;itemurl;imageurl1;imageurl2;imageurl3;imageurl4;imageurl5;designer_style_id;model_measurements;supplier_color;breadcrumbs;raw_html_url
farfetch.com;2026-09-21;USA;USD;A.P.C.;Ninon tote bag;21331964;21331964;Women;Bags;Tote & Shoulder Bags;Female;Multi/Neutral;OS;238.00;238.00;USD;0;true;Calf Leather / Premium Fabric;Italy;FW26;Specialist Leather Clean;A.P.C. - Ninon tote bag. Crafted with exceptional artisan materials.;https://www.farfetch.com/vn/shopping/women/apc-ninon-tote-bag-item-21331964.aspx;https://cdn-images.farfetch-contents.com/21/33/19/64/21331964_51310518_480.jpg;https://cdn-images.farfetch-contents.com/21/33/19/64/21331964_51310524_480.jpg;;;;21331964;;Neutral;Women > Bags > Tote & Shoulder Bags;
farfetch.com;2026-09-21;USA;USD;ALOHAS;Aven vintage effect leather loafers;34423849;34423849;Women;Shoes;Designer Pumps & Heels;Female;Multi/Neutral;OS;158.00;158.00;USD;0;true;Calf Leather / Premium Fabric;Italy;FW26;Specialist Leather Clean;ALOHAS - Aven vintage effect leather loafers. Crafted with exceptional artisan materials.;https://www.farfetch.com/vn/shopping/women/alohas-aven-vintage-effect-leather-loafers-item-34423849.aspx;https://cdn-images.farfetch-contents.com/34/42/38/49/34423849_69456777_480.jpg;https://cdn-images.farfetch-contents.com/34/42/38/49/34423849_69456504_480.jpg;;;;34423849;;Neutral;Women > Shoes > Designer Pumps & Heels;
farfetch.com;2026-09-21;USA;USD;AMI Paris;small nylon Marcel flap backpack;36898738;36898738;Women;Bags;Tote & Shoulder Bags;Female;Multi/Neutral;OS;465.00;465.00;USD;0;true;Calf Leather / Premium Fabric;Italy;FW26;Specialist Leather Clean;AMI Paris - small nylon Marcel flap backpack. Crafted with exceptional artisan materials.;https://www.farfetch.com/vn/shopping/women/ami-paris-small-nylon-marcel-flap-backpack-item-36898738.aspx;https://cdn-images.farfetch-contents.com/36/89/87/38/36898738_69164762_480.jpg;https://cdn-images.farfetch-contents.com/36/89/87/38/36898738_69144068_480.jpg;;;;36898738;;Neutral;Women > Bags > Tote & Shoulder Bags;
farfetch.com;2026-09-21;USA;USD;AMIRI;Glitter Stars Court sneakers;35682375;35682375;Women;Shoes;Designer Pumps & Heels;Female;Multi/Neutral;OS;462.00;462.00;USD;0;true;Calf Leather / Premium Fabric;Italy;FW26;Specialist Leather Clean;AMIRI - Glitter Stars Court sneakers. Crafted with exceptional artisan materials.;https://www.farfetch.com/vn/shopping/women/amiri-glitter-stars-court-sneakers-item-35682375.aspx;https://cdn-images.farfetch-contents.com/35/68/23/75/35682375_71623258_480.jpg;https://cdn-images.farfetch-contents.com/35/68/23/75/35682375_71623264_480.jpg;;;;35682375;;Neutral;Women > Shoes > Designer Pumps & Heels;
farfetch.com;2026-09-21;USA;USD;ANINE BING;braided leather clutch bag;38208871;38208871;Women;Bags;Tote & Shoulder Bags;Female;Multi/Neutral;OS;514.00;514.00;USD;0;true;Calf Leather / Premium Fabric;Italy;FW26;Specialist Leather Clean;ANINE BING - braided leather clutch bag. Crafted with exceptional artisan materials.;https://www.farfetch.com/vn/shopping/women/anine-bing-braided-leather-clutch-bag-item-38208871.aspx;https://cdn-images.farfetch-contents.com/38/20/88/71/38208871_72018162_480.jpg;https://cdn-images.farfetch-contents.com/38/20/88/71/38208871_72015675_480.jpg;;;;38208871;;Neutral;Women > Bags > Tote & Shoulder Bags;
farfetch.com;2026-09-21;USA;USD;ASICS;Gel-1130 mule sneakers;36657109;36657109;Women;Shoes;Designer Pumps & Heels;Female;Multi/Neutral;OS;107.00;107.00;USD;0;true;Calf Leather / Premium Fabric;Italy;FW26;Specialist Leather Clean;ASICS - Gel-1130 mule sneakers. Crafted with exceptional artisan materials.;https://www.farfetch.com/vn/shopping/women/asics-gel-1130-mule-sneakers-item-36657109.aspx;https://cdn-images.farfetch-contents.com/36/65/71/09/36657109_68843268_480.jpg;https://cdn-images.farfetch-contents.com/36/65/71/09/36657109_68843187_480.jpg;;;;36657109;;Neutral;Women > Shoes > Designer Pumps & Heels;
farfetch.com;2026-09-21;USA;USD;Acler;Birch sequin-embellished handbag;38644734;38644734;Women;Bags;Tote & Shoulder Bags;Female;Multi/Neutral;OS;451.00;451.00;USD;0;true;Calf Leather / Premium Fabric;Italy;FW26;Specialist Leather Clean;Acler - Birch sequin-embellished handbag. Crafted with exceptional artisan materials.;https://www.farfetch.com/vn/shopping/women/acler-birch-sequin-embellished-handbag-item-38644734.aspx;https://cdn-images.farfetch-contents.com/38/64/47/34/38644734_71877476_480.jpg;https://cdn-images.farfetch-contents.com/38/64/47/34/38644734_71877520_480.jpg;;;;38644734;;Neutral;Women > Bags > Tote & Shoulder Bags;
farfetch.com;2026-09-21;USA;USD;Alaïa;medium Le Teckel East-West bag;38143243;38143243;Women;Bags;Tote & Shoulder Bags;Female;Multi/Neutral;OS;2216.00;2216.00;USD;0;true;Calf Leather / Premium Fabric;Italy;FW26;Specialist Leather Clean;Alaïa - medium Le Teckel East-West bag. Crafted with exceptional artisan materials.;https://www.farfetch.com/vn/shopping/women/alaia-medium-le-teckel-east-west-bag-item-38143243.aspx;https://cdn-images.farfetch-contents.com/38/14/32/43/38143243_72481485_480.jpg;https://cdn-images.farfetch-contents.com/38/14/32/43/38143243_72481488_480.jpg;;;;38143243;;Neutral;Women > Bags > Tote & Shoulder Bags;
farfetch.com;2026-09-21;USA;USD;Alexander McQueen;Oversized sneakers;36021214;36021214;Women;Shoes;Designer Pumps & Heels;Female;Multi/Neutral;OS;480.00;480.00;USD;0;true;Calf Leather / Premium Fabric;Italy;FW26;Specialist Leather Clean;Alexander McQueen - Oversized sneakers. Crafted with exceptional artisan materials.;https://www.farfetch.com/vn/shopping/women/alexander-mcqueen-oversized-sneakers-item-36021214.aspx;https://cdn-images.farfetch-contents.com/36/02/12/14/36021214_67551887_480.jpg;https://cdn-images.farfetch-contents.com/36/02/12/14/36021214_67553332_480.jpg;;;;36021214;;Neutral;Women > Shoes > Designer Pumps & Heels;
farfetch.com;2026-09-21;USA;USD;Aquazzura;bow suede pumps;13085027;13085027;Women;Shoes;Designer Pumps & Heels;Female;Multi/Neutral;OS;589.00;589.00;USD;0;true;Calf Leather / Premium Fabric;Italy;FW26;Specialist Leather Clean;Aquazzura - bow suede pumps. Crafted with exceptional artisan materials.;https://www.farfetch.com/vn/shopping/women/aquazzura-bow-suede-pumps-item-13085027.aspx;https://cdn-images.farfetch-contents.com/13/08/50/27/13085027_44442576_480.jpg;https://cdn-images.farfetch-contents.com/13/08/50/27/13085027_68686242_480.jpg;;;;13085027;;Neutral;Women > Shoes > Designer Pumps & Heels;
farfetch.com;2026-09-21;USA;USD;Autry;velvet-trim leather sneakers;37134049;37134049;Women;Shoes;Designer Pumps & Heels;Female;Multi/Neutral;OS;175.00;175.00;USD;0;true;Calf Leather / Premium Fabric;Italy;FW26;Specialist Leather Clean;Autry - velvet-trim leather sneakers. Crafted with exceptional artisan materials.;https://www.farfetch.com/vn/shopping/women/autry-velvet-trim-leather-sneakers-item-37134049.aspx;https://cdn-images.farfetch-contents.com/37/13/40/49/37134049_69690786_480.jpg;https://cdn-images.farfetch-contents.com/37/13/40/49/37134049_69690788_480.jpg;;;;37134049;;Neutral;Women > Shoes > Designer Pumps & Heels;
farfetch.com;2026-09-21;USA;USD;BIMBA Y LOLA;burgundy leather Lolita bag;37620181;37620181;Women;Bags;Tote & Shoulder Bags;Female;Multi/Neutral;OS;360.00;360.00;USD;0;true;Calf Leather / Premium Fabric;Italy;FW26;Specialist Leather Clean;BIMBA Y LOLA - burgundy leather Lolita bag. Crafted with exceptional artisan materials.;https://www.farfetch.com/vn/shopping/women/bimba-y-lola-burgundy-leather-lolita-bag-item-37620181.aspx;https://cdn-images.farfetch-contents.com/37/62/01/81/37620181_70541130_480.jpg;https://cdn-images.farfetch-contents.com/37/62/01/81/37620181_70541146_480.jpg;;;;37620181;;Neutral;Women > Bags > Tote & Shoulder Bags;
farfetch.com;2026-09-21;USA;USD;Balenciaga;mini Le City tote bag;35517881;35517881;Women;Bags;Tote & Shoulder Bags;Female;Multi/Neutral;OS;1927.00;1927.00;USD;0;true;Calf Leather / Premium Fabric;Italy;FW26;Specialist Leather Clean;Balenciaga - mini Le City tote bag. Crafted with exceptional artisan materials.;https://www.farfetch.com/vn/shopping/women/balenciaga-mini-le-city-tote-bag-item-35517881.aspx;https://cdn-images.farfetch-contents.com/35/51/78/81/35517881_73026232_480.jpg;https://cdn-images.farfetch-contents.com/35/51/78/81/35517881_73026730_480.jpg;;;;35517881;;Neutral;Women > Bags > Tote & Shoulder Bags;
farfetch.com;2026-09-21;USA;USD;Balmain;medium Anthem bag in calfskin leather;33755598;33755598;Women;Bags;Tote & Shoulder Bags;Female;Multi/Neutral;OS;2020.00;2020.00;USD;0;true;Calf Leather / Premium Fabric;Italy;FW26;Specialist Leather Clean;Balmain - medium Anthem bag in calfskin leather. Crafted with exceptional artisan materials.;https://www.farfetch.com/vn/shopping/women/balmain-medium-anthem-bag-in-calfskin-leather-item-33755598.aspx;https://cdn-images.farfetch-contents.com/33/75/55/98/33755598_64681975_480.jpg;https://cdn-images.farfetch-contents.com/33/75/55/98/33755598_64658454_480.jpg;;;;33755598;;Neutral;Women > Bags > Tote & Shoulder Bags;
farfetch.com;2026-09-21;USA;USD;Birkenstock;Boston suede sandals;15804667;15804667;Women;Shoes;Designer Pumps & Heels;Female;Multi/Neutral;OS;135.00;135.00;USD;0;true;Calf Leather / Premium Fabric;Italy;FW26;Specialist Leather Clean;Birkenstock - Boston suede sandals. Crafted with exceptional artisan materials.;https://www.farfetch.com/vn/shopping/women/birkenstock-boston-suede-sandals-item-15804667.aspx;https://cdn-images.farfetch-contents.com/15/80/46/67/15804667_57239719_480.jpg;https://cdn-images.farfetch-contents.com/15/80/46/67/15804667_57239720_480.jpg;;;;15804667;;Neutral;Women > Shoes > Designer Pumps & Heels;
farfetch.com;2026-09-21;USA;USD;Bravest Studios;Bear Claw faux-fur mules;33306891;33306891;Women;Shoes;Designer Pumps & Heels;Female;Multi/Neutral;OS;119.00;119.00;USD;0;true;Calf Leather / Premium Fabric;Italy;FW26;Specialist Leather Clean;Bravest Studios - Bear Claw faux-fur mules. Crafted with exceptional artisan materials.;https://www.farfetch.com/vn/shopping/women/bravest-studios-bear-claw-faux-fur-mules-item-33306891.aspx;https://cdn-images.farfetch-contents.com/33/30/68/91/33306891_71212712_480.jpg;https://cdn-images.farfetch-contents.com/33/30/68/91/33306891_71220698_480.jpg;;;;33306891;;Neutral;Women > Shoes > Designer Pumps & Heels;
farfetch.com;2026-09-21;USA;USD;Burberry;mini Check Bowling bag;37688089;37688089;Women;Bags;Tote & Shoulder Bags;Female;Multi/Neutral;OS;1357.00;1357.00;USD;0;true;Calf Leather / Premium Fabric;Italy;FW26;Specialist Leather Clean;Burberry - mini Check Bowling bag. Crafted with exceptional artisan materials.;https://www.farfetch.com/vn/shopping/women/burberry-mini-check-bowling-bag-item-37688089.aspx;https://cdn-images.farfetch-contents.com/37/68/80/89/37688089_70828477_480.jpg;https://cdn-images.farfetch-contents.com/37/68/80/89/37688089_70828043_480.jpg;;;;37688089;;Neutral;Women > Bags > Tote & Shoulder Bags;
farfetch.com;2026-09-21;USA;USD;Calvin Klein;Foil logo tote bag;35513619;35513619;Women;Bags;Tote & Shoulder Bags;Female;Multi/Neutral;OS;143.00;143.00;USD;0;true;Calf Leather / Premium Fabric;Italy;FW26;Specialist Leather Clean;Calvin Klein - Foil logo tote bag. Crafted with exceptional artisan materials.;https://www.farfetch.com/vn/shopping/women/calvin-klein-foil-logo-tote-bag-item-35513619.aspx;https://cdn-images.farfetch-contents.com/35/51/36/19/35513619_66813668_480.jpg;https://cdn-images.farfetch-contents.com/35/51/36/19/35513619_66813684_480.jpg;;;;35513619;;Neutral;Women > Bags > Tote & Shoulder Bags;
farfetch.com;2026-09-21;USA;USD;Camper;Twins floral-print leather derby shoes;36599711;36599711;Women;Shoes;Designer Pumps & Heels;Female;Multi/Neutral;OS;182.00;182.00;USD;0;true;Calf Leather / Premium Fabric;Italy;FW26;Specialist Leather Clean;Camper - Twins floral-print leather derby shoes. Crafted with exceptional artisan materials.;https://www.farfetch.com/vn/shopping/women/camper-twins-floral-print-leather-derby-shoes-item-36599711.aspx;https://cdn-images.farfetch-contents.com/36/59/97/11/36599711_68648172_480.jpg;https://cdn-images.farfetch-contents.com/36/59/97/11/36599711_68648201_480.jpg;;;;36599711;;Neutral;Women > Shoes > Designer Pumps & Heels;
farfetch.com;2026-09-21;USA;USD;Chloé;small Paddington in leather handbag;34343558;34343558;Women;Bags;Tote & Shoulder Bags;Female;Multi/Neutral;OS;1863.00;1863.00;USD;0;true;Calf Leather / Premium Fabric;Italy;FW26;Specialist Leather Clean;Chloé - small Paddington in leather handbag. Crafted with exceptional artisan materials.;https://www.farfetch.com/vn/shopping/women/chloe-small-paddington-in-leather-handbag-item-34343558.aspx;https://cdn-images.farfetch-contents.com/34/34/35/58/34343558_71357387_480.jpg;https://cdn-images.farfetch-contents.com/34/34/35/58/34343558_71100755_480.jpg;;;;34343558;;Neutral;Women > Bags > Tote & Shoulder Bags;
