﻿website_name;competence_date;country_code;currency_code;brand;product_title;product_code;sku;category1;category2;category3;gender;color;size;full_price;price;currency;discount_pct;in_stock;composition;made_in;season;care_instructions;description;itemurl;imageurl1;imageurl2;imageurl3;imageurl4;imageurl5;designer_style_id;model_measurements;supplier_color;breadcrumbs;raw_html_url
farfetch.com;2026-09-20;USA;USD;Jacquemus;woven knot detail tote bag;35233400;35233400;Women;Bags;Tote & Shoulder Bags;Female;Multi/Neutral;OS;1865;1865;USD;0;true;Calf Leather / Premium Suede;Italy;FW26;Specialist Leather Clean;Jacquemus - woven knot detail tote bag. Crafted with exceptional artisan materials.;https://www.farfetch.com/vn/shopping/women/jacquemus-woven-knot-detail-tote-bag-item-35233400.aspx;https://cdn-images.farfetch-contents.com/35/23/34/00/35233400_66672994_480.jpg?ov=true;;;;;35233400;;Neutral;Women > Bags > Designer Handbags;
farfetch.com;2026-09-20;USA;USD;DeMellier;The Hudson brown tote bag;32363001;32363001;Women;Bags;Tote & Shoulder Bags;Female;Multi/Neutral;OS;674;674;USD;0;true;Calf Leather / Premium Suede;Italy;FW26;Specialist Leather Clean;DeMellier - The Hudson brown tote bag. Crafted with exceptional artisan materials.;https://www.farfetch.com/vn/shopping/women/demellier-the-hudson-brown-tote-bag-item-32363001.aspx;https://cdn-images.farfetch-contents.com/32/36/30/01/32363001_63810215_480.jpg?ov=true;;;;;32363001;;Neutral;Women > Bags > Designer Handbags;
farfetch.com;2026-09-20;USA;USD;Valentino Garavani;Antibes small embroidered denim shopping bag;34057167;34057167;Women;Bags;Tote & Shoulder Bags;Female;Multi/Neutral;OS;2550;2550;USD;0;true;Calf Leather / Premium Suede;Italy;FW26;Specialist Leather Clean;Valentino Garavani - Antibes small embroidered denim shopping bag. Crafted with exceptional artisan materials.;https://www.farfetch.com/vn/shopping/women/valentino-garavani-antibes-small-embroidered-denim-shopping-bag-item-34057167.aspx;https://cdn-images.farfetch-contents.com/34/05/71/67/34057167_67949778_480.jpg?ov=true;;;;;34057167;;Neutral;Women > Bags > Designer Handbags;
farfetch.com;2026-09-20;USA;USD;ISABEL MARANT;Maia medium bag;34000136;34000136;Women;Bags;Tote & Shoulder Bags;Female;Multi/Neutral;OS;1430;1430;USD;0;true;Calf Leather / Premium Suede;Italy;FW26;Specialist Leather Clean;ISABEL MARANT - Maia medium bag. Crafted with exceptional artisan materials.;https://www.farfetch.com/vn/shopping/women/isabel-marant-maia-medium-bag-item-34000136.aspx;https://cdn-images.farfetch-contents.com/34/00/01/36/34000136_65195696_480.jpg?ov=true;;;;;34000136;;Neutral;Women > Bags > Designer Handbags;
farfetch.com;2026-09-20;USA;USD;Proenza Schouler;Days mesh tote bag;34017376;34017376;Women;Bags;Tote & Shoulder Bags;Female;Multi/Neutral;OS;1270;1270;USD;0;true;Calf Leather / Premium Suede;Italy;FW26;Specialist Leather Clean;Proenza Schouler - Days mesh tote bag. Crafted with exceptional artisan materials.;https://www.farfetch.com/vn/shopping/women/proenza-schouler-days-mesh-tote-bag-item-34017376.aspx;https://cdn-images.farfetch-contents.com/34/01/73/76/34017376_65242952_480.jpg?ov=true;;;;;34017376;;Neutral;Women > Bags > Designer Handbags;
farfetch.com;2026-09-20;USA;USD;Jacquemus;Spiaggia small round bag;32426014;32426014;Women;Bags;Tote & Shoulder Bags;Female;Multi/Neutral;OS;432;432;USD;0;true;Calf Leather / Premium Suede;Italy;FW26;Specialist Leather Clean;Jacquemus - Spiaggia small round bag. Crafted with exceptional artisan materials.;https://www.farfetch.com/vn/shopping/women/jacquemus-spiaggia-small-round-bag-item-32426014.aspx;https://cdn-images.farfetch-contents.com/32/42/60/14/32426014_65681752_480.jpg?ov=true;;;;;32426014;;Neutral;Women > Bags > Designer Handbags;
farfetch.com;2026-09-20;USA;USD;DRAGON DIFFUSION;Santa Croce tote bag;18604018;18604018;Women;Bags;Tote & Shoulder Bags;Female;Multi/Neutral;OS;381;381;USD;0;true;Calf Leather / Premium Suede;Italy;FW26;Specialist Leather Clean;DRAGON DIFFUSION - Santa Croce tote bag. Crafted with exceptional artisan materials.;https://www.farfetch.com/vn/shopping/women/dragon-diffusion-santa-croce-tote-bag-item-18604018.aspx;https://cdn-images.farfetch-contents.com/18/60/40/18/18604018_40243127_480.jpg?ov=true;;;;;18604018;;Neutral;Women > Bags > Designer Handbags;
farfetch.com;2026-09-20;USA;USD;Dolce & Gabbana;medium Vittoria handbag with embroidery;33409738;33409738;Women;Bags;Tote & Shoulder Bags;Female;Multi/Neutral;OS;8995;8995;USD;0;true;Calf Leather / Premium Suede;Italy;FW26;Specialist Leather Clean;Dolce & Gabbana - medium Vittoria handbag with embroidery. Crafted with exceptional artisan materials.;https://www.farfetch.com/vn/shopping/women/dolce-gabbana-medium-vittoria-handbag-with-embroidery-item-33409738.aspx;https://cdn-images.farfetch-contents.com/33/40/97/38/33409738_65742839_480.jpg?ov=true;;;;;33409738;;Neutral;Women > Bags > Designer Handbags;
farfetch.com;2026-09-20;USA;USD;Balmain;medium Anthem bag in calfskin leather;33755598;33755598;Women;Bags;Tote & Shoulder Bags;Female;Multi/Neutral;OS;2020;2020;USD;0;true;Calf Leather / Premium Suede;Italy;FW26;Specialist Leather Clean;Balmain - medium Anthem bag in calfskin leather. Crafted with exceptional artisan materials.;https://www.farfetch.com/vn/shopping/women/balmain-medium-anthem-bag-in-calfskin-leather-item-33755598.aspx;https://cdn-images.farfetch-contents.com/33/75/55/98/33755598_64681975_480.jpg?ov=true;;;;;33755598;;Neutral;Women > Bags > Designer Handbags;
farfetch.com;2026-09-20;USA;USD;The Attico;La Passeggiata top-handle mini tote bag;32705467;32705467;Women;Bags;Tote & Shoulder Bags;Female;Multi/Neutral;OS;1394;1394;USD;0;true;Calf Leather / Premium Suede;Italy;FW26;Specialist Leather Clean;The Attico - La Passeggiata top-handle mini tote bag. Crafted with exceptional artisan materials.;https://www.farfetch.com/vn/shopping/women/the-attico-la-passeggiata-top-handle-mini-tote-bag-item-32705467.aspx;https://cdn-images.farfetch-contents.com/32/70/54/67/32705467_65842181_480.jpg?ov=true;;;;;32705467;;Neutral;Women > Bags > Designer Handbags;
farfetch.com;2026-09-20;USA;USD;Miu Miu;raffia-effect woven tote bag;33971356;33971356;Women;Bags;Tote & Shoulder Bags;Female;Multi/Neutral;OS;1860;1860;USD;0;true;Calf Leather / Premium Suede;Italy;FW26;Specialist Leather Clean;Miu Miu - raffia-effect woven tote bag. Crafted with exceptional artisan materials.;https://www.farfetch.com/vn/shopping/women/miu-miu-raffia-effect-woven-tote-bag-item-33971356.aspx;https://cdn-images.farfetch-contents.com/33/97/13/56/33971356_68308922_480.jpg?ov=true;;;;;33971356;;Neutral;Women > Bags > Designer Handbags;
farfetch.com;2026-09-20;USA;USD;KHAITE;medium Olivia shoulder bag;34667255;34667255;Women;Bags;Tote & Shoulder Bags;Female;Multi/Neutral;OS;1661;1661;USD;0;true;Calf Leather / Premium Suede;Italy;FW26;Specialist Leather Clean;KHAITE - medium Olivia shoulder bag. Crafted with exceptional artisan materials.;https://www.farfetch.com/vn/shopping/women/khaite-medium-olivia-shoulder-bag-item-34667255.aspx;https://cdn-images.farfetch-contents.com/34/66/72/55/34667255_65905422_480.jpg?ov=true;;;;;34667255;;Neutral;Women > Bags > Designer Handbags;
farfetch.com;2026-09-20;USA;USD;Bottega Veneta;Andiamo small intrecciato leather tote;36112001;36112001;Women;Bags;Tote Bags;Female;Travertine Green;OS;4500;4500;USD;0;true;100% Lambskin Leather;Italy;FW26;Specialist Leather Clean;Bottega Veneta - Andiamo small intrecciato leather tote bag with knotted metallic sliding strap.;https://www.farfetch.com/vn/shopping/women/bottega-veneta-andiamo-small-bag-36112001.aspx;https://cdn-images.farfetch-contents.com/36/11/20/01/36112001_1.jpg;;;;;36112001;;Travertine;Women > Bags > Shoulder Bags;
farfetch.com;2026-09-20;USA;USD;Prada;Re-Edition 2005 Re-Nylon bag;35890012;35890012;Women;Bags;Mini Bags;Female;Black;OS;1950;1950;USD;0;true;100% Recycled Polyamide / Saffiano Leather;Italy;FW26;Wipe Clean;Prada - Re-Edition 2005 Re-Nylon shoulder bag with detachable pouch and enameled triangle logo.;https://www.farfetch.com/vn/shopping/women/prada-re-edition-bag-35890012.aspx;https://cdn-images.farfetch-contents.com/35/89/00/12/35890012_1.jpg;;;;;35890012;;Nero;Women > Bags > Shoulder Bags;
farfetch.com;2026-09-20;USA;USD;Loewe;Puzzle small leather shoulder bag;34991002;34991002;Women;Bags;Crossbody Bags;Female;Tan;OS;3250;3250;USD;0;true;100% Calfskin;Spain;FW26;Specialist Care;Loewe - Signature cuboid shape with distinctive geometric lines and embossed Anagram.;https://www.farfetch.com/vn/shopping/women/loewe-puzzle-small-bag-34991002.aspx;https://cdn-images.farfetch-contents.com/34/99/10/02/34991002_1.jpg;;;;;34991002;;Tan;Women > Bags > Crossbody;
farfetch.com;2026-09-20;USA;USD;Saint Laurent;Le 5 à 7 leather shoulder bag;33789010;33789010;Women;Bags;Shoulder Bags;Female;Black;OS;2400;2400;USD;0;true;100% Calfskin;Italy;FW26;Specialist Leather Clean;Saint Laurent - Le 5 à 7 shoulder bag with leather tab closure and Cassandre hook.;https://www.farfetch.com/vn/shopping/women/saint-laurent-le-5-a-7-bag-33789010.aspx;https://cdn-images.farfetch-contents.com/33/78/90/10/33789010_1.jpg;;;;;33789010;;Noir;Women > Bags > Shoulder Bags;
farfetch.com;2026-09-20;USA;USD;Gucci;Jackie 1961 small shoulder bag;32987110;32987110;Women;Bags;Shoulder Bags;Female;Rosso Ancora;OS;2980;2980;USD;0;true;Fine Grain Leather;Italy;FW26;Specialist Leather Clean;Gucci - Jackie 1961 featuring piston hardware in deep signature red.;https://www.farfetch.com/vn/shopping/women/gucci-jackie-1961-small-32987110.aspx;https://cdn-images.farfetch-contents.com/32/98/71/10/32987110_1.jpg;;;;;32987110;;Rosso Ancora;Women > Bags > Shoulder Bags;
farfetch.com;2026-09-20;USA;USD;Miu Miu;Arcadie leather top-handle bag;36450091;36450091;Women;Bags;Top Handle Bags;Female;Caramel;OS;2850;2850;USD;0;true;100% Calf Leather;Italy;FW26;Specialist Leather Clean;Miu Miu - Arcadie top-handle bag with structured rectangular silhouette and lettered logo.;https://www.farfetch.com/vn/shopping/women/miu-miu-arcadie-bag-36450091.aspx;https://cdn-images.farfetch-contents.com/36/45/00/91/36450091_1.jpg;;;;;36450091;;Caramel;Women > Bags > Top Handle;
farfetch.com;2026-09-20;USA;USD;Balenciaga;Rodeo small leather tote bag;35112890;35112890;Women;Bags;Tote Bags;Female;Washed Grey;OS;3490;3490;USD;0;true;Smooth Calfskin;Italy;FW26;Specialist Clean;Balenciaga - Rodeo small tote bag with distressed metallic hardware and turn-lock closure.;https://www.farfetch.com/vn/shopping/women/balenciaga-rodeo-small-35112890.aspx;https://cdn-images.farfetch-contents.com/35/11/28/90/35112890_1.jpg;;;;;35112890;;Grey;Women > Bags > Tote;
farfetch.com;2026-09-20;USA;USD;The Row;Margaux 15 soft leather tote;37001099;37001099;Women;Bags;Tote Bags;Female;Dark Cuir;OS;5290;5290;USD;0;true;Saddle Calfskin;Italy;FW26;Specialist Leather Clean;The Row - Margaux 15 in soft saddle leather with belt-gusset sides and polished hardware.;https://www.farfetch.com/vn/shopping/women/the-row-margaux-15-37001099.aspx;https://cdn-images.farfetch-contents.com/37/00/10/99/37001099_1.jpg;;;;;37001099;;Dark Cuir;Women > Bags > Tote;
