website_name,competence_date,country_code,currency_code,listing_id,operation_type,property_type,title,price,price_original,price_per_sqm,area_sqm,rooms,bathrooms,floor,has_elevator,has_parking,has_terrace,has_garden,has_pool,energy_certificate,region,city,neighborhood,address_raw,latitude,longitude,description,itemurl,imageurl
onthemarket.com,2026-10-02,GBR,GBP,13660782,sale,Flat,1 bedroom flat for sale,89999.00,89999.00,1636.35,55.00,1,1,,,,,,,,Ab10,Aberdeen,"Flat 5, 37 Rosemount Viaduct, Aberdeen, AB25 1NQ","Flat 5, 37 Rosemount Viaduct, Aberdeen, AB25 1NQ",57.147859440745,-2.1082371033103,"516 sq ft floor area, Nearest station 0.5mi.",https://www.onthemarket.com/details/13660782/,https://media.onthemarket.com/properties/13660782/1607736483/image-0-480x320.webp
onthemarket.com,2026-10-02,GBR,GBP,12692481,sale,Terraced house,7 bedroom terraced house for sale,650000.00,650000.00,3714.29,175.00,7,4,,,,,,,,Ab11,Aberdeen,"10 Marine Terrace, Aberdeen, AB11","10 Marine Terrace, Aberdeen, AB11",57.138133,-2.101767,"Tenure: Freehold, Incredibly impressive Category B listed townhouse, Refurbished to a very high specification with luxury fittings, Substantial and versatile accommodation, Study",https://www.onthemarket.com/details/12692481/,https://media.onthemarket.com/properties/12692481/1640089707/image-0-480x320.webp
onthemarket.com,2026-10-02,GBR,GBP,17416937,sale,Detached house,5 bedroom detached house for sale,550000.00,550000.00,4074.07,135.00,5,3,,,1,,1,,,Ab12,Aberdeenshire,"Mill Of Cranhill, Banchory Devenick, Aberdeen, Aberdeenshire, AB12","Mill Of Cranhill, Banchory Devenick, Aberdeen, Aberdeenshire, AB12",57.099108,-2.147262,"Tenure: Freehold, 3 reception rooms. 5/6 bedrooms, Former mill with mill wheel, Attractive garden grounds & garage, Study",https://www.onthemarket.com/details/17416937/,https://media.onthemarket.com/properties/17416937/1647261211/image-0-480x320.webp
onthemarket.com,2026-10-02,GBR,GBP,11213554,sale,Detached house,4 bedroom detached house for sale,328000.00,328000.00,2852.17,115.00,4,2,,,,,,,,Ab15,Countesswells,"Plot 9, The Lochbuie II at Countesswells, AB15 8FU, Countesswells AB15","Plot 9, The Lochbuie II at Countesswells, AB15 8FU, Countesswells AB15",57.132257,-2.210846,"Tenure: Freehold, New build, Study, Nearest school 1.0mi.",https://www.onthemarket.com/details/11213554/,https://media.onthemarket.com/properties/11213554/1645692477/image-0-480x320.webp
onthemarket.com,2026-10-02,GBR,GBP,18183420,sale,Flat,2 bedroom flat for sale,57000.00,57000.00,760.00,75.00,2,1,,,,,,,,Ab16,Aberdeen,"Cornhill Court, Aberdeen, AB16","Cornhill Court, Aberdeen, AB16",57.1602,-2.14049,"Tenure: Freehold, Stunning views over the city and the sea (Living room and all bedrooms)",https://www.onthemarket.com/details/18183420/,https://media.onthemarket.com/properties/18183420/1638565991/image-0-480x320.webp
onthemarket.com,2026-10-02,GBR,GBP,14567523,sale,Flat,1 bedroom flat for sale,85000.00,85000.00,1545.45,55.00,1,1,,,,,,,,Ab22,Aberdeen,"Millbank View, Aberdeen AB22","Millbank View, Aberdeen AB22",57.1771559,-2.1232257,"Tenure: Freehold, Prime Property Auctions is excited to present an Attractive 1 Bedroom Ground floor flat located in the popular area within Aberdeen with a home report value of £110,000- Guide Price £95,000., Auction",https://www.onthemarket.com/details/14567523/,https://media.onthemarket.com/properties/14567523/1634278136/image-0-480x320.webp
onthemarket.com,2026-10-02,GBR,GBP,12463467,sale,Ground floor flat,2 bedroom ground floor flat for sale,80000.00,80000.00,1066.67,75.00,2,1,,,,,,,,Ab24,Aberdeen,"26 Church Street, Woodside, Aberdeen, AB24 4DQ","26 Church Street, Woodside, Aberdeen, AB24 4DQ",57.169980380327,-2.1262235428905,"Tenure: Freehold, Nearest station 2.2mi.",https://www.onthemarket.com/details/12463467/,https://media.onthemarket.com/properties/12463467/1484708916/image-0-480x320.webp
onthemarket.com,2026-10-02,GBR,GBP,13157028,sale,Land,Land for sale,350000.00,350000.00,6363.64,55.00,,,,,,,,,,Ab31,Aberdeenshire,"Tillydrine House, Kincardine O'Neil, Aboyne, Aberdeenshire, AB34","Tillydrine House, Kincardine O'Neil, Aboyne, Aberdeenshire, AB34",57.077516,-2.655747,"Tenure: Freehold, Grade C Listed country house, Incredible potential, Rare opportunity",https://www.onthemarket.com/details/13157028/,https://media.onthemarket.com/properties/13157028/1588021228/image-0-480x320.webp
onthemarket.com,2026-10-02,GBR,GBP,12619091,sale,Flat,2 bedroom flat for sale,139000.00,139000.00,1853.33,75.00,2,1,,,,,,,,Ab32,Westhill,"24 Aspen Grove, Westhill, AB32 6QE","24 Aspen Grove, Westhill, AB32 6QE",57.152769614406,-2.2924919638903,"635 sq ft floor area, Nearest school 0.1mi.",https://www.onthemarket.com/details/12619091/,https://media.onthemarket.com/properties/12619091/1541384904/image-0-480x320.webp
onthemarket.com,2026-10-02,GBR,GBP,14709077,sale,Plot,Plot for sale,135000.00,135000.00,2454.55,55.00,,,,,,,,,,Ab33,Alford,"Plot 1 with Land at Muir of Fowlis, Alford AB33","Plot 1 with Land at Muir of Fowlis, Alford AB33",57.197995,-2.730732,"3.53 acre(s) of land, Nearest school 1.4mi.",https://www.onthemarket.com/details/14709077/,https://media.onthemarket.com/properties/14709077/1621344655/image-0-480x320.webp
onthemarket.com,2026-10-02,GBR,GBP,17075733,sale,Link detached house,6 bedroom link detached house for sale,495000.00,495000.00,3193.55,155.00,6,4,,,,,,,,Ab34,Aberdeenshire,"The Cottage, Dess, Aboyne, Aberdeenshire, AB34","The Cottage, Dess, Aboyne, Aberdeenshire, AB34",57.090804,-2.700278,"Tenure: Freehold, 4 reception rooms. 5 bedrooms, Beautiful spacious family home, Versatile accommodation over 2 levels, Study",https://www.onthemarket.com/details/17075733/,https://media.onthemarket.com/properties/17075733/1648425037/image-0-480x320.webp
onthemarket.com,2026-10-02,GBR,GBP,12228484,sale,House,4 bedroom house for sale,515000.00,515000.00,4478.26,115.00,4,2,,,1,,,,,Ab39,Stonehaven,"Plot 7, Eddington at Kirktown Brae, Broomhill Crescent , Stonehaven AB39","Plot 7, Eddington at Kirktown Brae, Broomhill Crescent , Stonehaven AB39",56.974011,-2.269557,"4 bedroom detached double garage, Open plan kitchen/dining/family room, New build",https://www.onthemarket.com/details/12228484/,https://media.onthemarket.com/properties/12228484/1646872700/image-0-480x320.webp
onthemarket.com,2026-10-02,GBR,GBP,12484163,sale,Land,Land for sale,120000.00,120000.00,2181.82,55.00,,,,,,,,,,Ab42,Mintlaw,"Plot 4 Nether Aden, Mintlaw, AB42 5HJ","Plot 4 Nether Aden, Mintlaw, AB42 5HJ",57.521615007508,-1.9995889807545,Nearest school 0.2mi.,https://www.onthemarket.com/details/12484163/,https://media.onthemarket.com/properties/12484163/1535055040/image-0-480x320.webp
onthemarket.com,2026-10-02,GBR,GBP,13216342,sale,Flat,1 bedroom flat for sale,45000.00,45000.00,818.18,55.00,1,1,,,,,,,,Ab43,Fraserburgh,"Caroline Place, Fraserburgh AB43","Caroline Place, Fraserburgh AB43",57.693936,-2.009682,"Tenure: Freehold, Ground floor flat, 1 bedroom, Double glazing",https://www.onthemarket.com/details/13216342/,https://media.onthemarket.com/properties/13216342/1644356129/image-0-480x320.webp
onthemarket.com,2026-10-02,GBR,GBP,12620643,sale,Land,Land for sale,80000.00,80000.00,1454.55,55.00,,,,,,,,,,Ab54,Huntly,"Development Land of 4 Plots, Forgue, Huntly, AB54 6DQ","Development Land of 4 Plots, Forgue, Huntly, AB54 6DQ",57.4879109,-2.648765,Nearest school 0.1mi.,https://www.onthemarket.com/details/12620643/,https://media.onthemarket.com/properties/12620643/1603120622/image-0-480x320.webp
onthemarket.com,2026-10-02,GBR,GBP,16391583,sale,Plot,Plot for sale,120000.00,120000.00,2181.82,55.00,,,,,,,,1,,Ab56,Buckie,"Bridgend, Buckie, AB56","Bridgend, Buckie, AB56",57.6762953,-2.974765,"Magnificent views of the Moray Firth coastline, capturing the beautiful Old Buckpool Harbour, Nearest school 0.2mi.",https://www.onthemarket.com/details/16391583/,https://media.onthemarket.com/properties/16391583/1535408416/image-0-480x320.webp
onthemarket.com,2026-10-02,GBR,GBP,17383479,sale,Detached house,4 bedroom detached house for sale,625000.00,625000.00,5434.78,115.00,4,3,,,,,,,,Abbas And Templecombe,Somerset,"Throop Road, Templecombe, Somerset, BA8","Throop Road, Templecombe, Somerset, BA8",51.004353,-2.411887,"Tenure: Freehold, 4 Bedrooms, Chain-free",https://www.onthemarket.com/details/17383479/,https://media.onthemarket.com/properties/17383479/1621501446/image-0-480x320.webp
onthemarket.com,2026-10-02,GBR,GBP,17824638,sale,Detached house,5 bedroom detached house for sale,550000.00,550000.00,4074.07,135.00,5,2,,,,,,,,Abberton,Langenhoe,"Brand Drive, Langenhoe","Brand Drive, Langenhoe",51.8335061,0.9138371,"Tenure: Freehold, Probably the best house on the development, An Extended Detached Family Home, A Versatile Four or Five Bedroom Layout, Study",https://www.onthemarket.com/details/17824638/,https://media.onthemarket.com/properties/17824638/1646264184/image-0-480x320.webp
onthemarket.com,2026-10-02,GBR,GBP,13704932,sale,Maisonette,2 bedroom maisonette for sale,160000.00,160000.00,2133.33,75.00,2,1,,,,,,,,Abbey Field,Essex,"Memnon Court, Colchester, Essex, CO2","Memnon Court, Colchester, Essex, CO2",51.87193,0.899726,"Tenure: Leasehold (104 years remaining), Two-Bedroom Top-Floor Maisonette, Chain-free",https://www.onthemarket.com/details/13704932/,https://media.onthemarket.com/properties/13704932/1639611554/image-0-480x320.webp
onthemarket.com,2026-10-02,GBR,GBP,13235820,sale,Terraced house,4 bedroom terraced house for sale,470000.00,470000.00,4086.96,115.00,4,2,,,,,,,,Abbey London,Barking,"Westbury Road, Barking IG11","Westbury Road, Barking IG11",51.534801,0.084337,"Tenure: Freehold, 1,205 sq ft floor area",https://www.onthemarket.com/details/13235820/,https://media.onthemarket.com/properties/13235820/1541499182/image-0-480x320.webp
