concelho_code,concelho,distrito,region,median_sale_eur_m2,median_sale_eur_m2_period,median_sale_eur_m2_status,median_rent_eur_m2_new_contracts,median_rent_eur_m2_new_contracts_period,median_rent_eur_m2_new_contracts_status,resident_population_2021,resident_population_2021_period,resident_population_2021_status,classic_dwellings_2021,classic_dwellings_2021_period,classic_dwellings_2021_status,sale_eur_m2_change_12m_pct,dwellings_per_1000_residents
0303,Braga,Braga,Continente,2100,2026-Q1,OBSERVED,7.69,2024-S2,OBSERVED,193324,2021,OBSERVED,88623,2021,OBSERVED,22.1,458.4
0402,Bragança,Bragança,Continente,1157,2026-Q1,OBSERVED,3.23,2024-S2,OBSERVED,34582,2021,OBSERVED,25698,2021,OBSERVED,17.3,743.1
0603,Coimbra,Coimbra,Continente,2210,2026-Q1,OBSERVED,7.76,2024-S2,OBSERVED,140816,2021,OBSERVED,81872,2021,OBSERVED,21.9,581.4
0705,Évora,Évora,Continente,2255,2026-Q1,OBSERVED,7.31,2024-S2,OBSERVED,53577,2021,OBSERVED,29755,2021,OBSERVED,18.5,555.4
0805,Faro,Faro,Continente,3125,2026-Q1,OBSERVED,8.33,2024-S2,OBSERVED,67622,2021,OBSERVED,38638,2021,OBSERVED,20.4,571.4
1106,Lisboa,Lisboa,Continente,5082,2026-Q1,OBSERVED,15.93,2024-S2,OBSERVED,545796,2021,OBSERVED,319640,2021,OBSERVED,15.2,585.6
1312,Porto,Porto,Continente,3510,2026-Q1,OBSERVED,12.58,2024-S2,OBSERVED,231800,2021,OBSERVED,133352,2021,OBSERVED,16.7,575.3
1823,Viseu,Viseu,Continente,1595,2026-Q1,OBSERVED,5.72,2024-S2,OBSERVED,99551,2021,OBSERVED,56641,2021,OBSERVED,17.8,569.0
3103,Funchal,Ilha da Madeira,Madeira,3322,2026-Q1,OBSERVED,11.51,2024-S2,OBSERVED,105782,2021,OBSERVED,52234,2021,OBSERVED,7.2,493.8
4203,Ponta Delgada,Ilha de São Miguel,Açores,2017,2026-Q1,OBSERVED,6.08,2024-S2,OBSERVED,67229,2021,OBSERVED,29150,2021,OBSERVED,15.5,433.6
